<?xml version="1.0" encoding="UTF-8"?><?xml-stylesheet type='text/xsl' href='_UpgradeReport_Files/UpgradeReport.xslt'?><UpgradeLog>
<Properties><Property Name="Solution" Value="SolaComm">
</Property><Property Name="Solution File" Value="D:\Visual Studio Projects\solacomm\SolaComm.sln">
</Property><Property Name="User Options File" Value="D:\Visual Studio Projects\solacomm\SolaComm.suo">
</Property><Property Name="Date" Value="July-18-13">
</Property><Property Name="Time" Value="16:35 PM">
</Property><Property Name="Log Number" Value="2">
</Property></Properties><Event ErrorLevel="2" Project="" Source="SolaComm.sln" Description="Error creating backup file: D:\Visual Studio Projects\solacomm\SolaComm.sln.old">
</Event><Event ErrorLevel="2" Project="" Source="SolaComm.suo" Description="Error creating backup file: D:\Visual Studio Projects\solacomm\SolaComm.suo.old">
</Event><Event ErrorLevel="0" Project="SolaComm" Source="SolaComm.vcproj" Description="Converting project file 'D:\Visual Studio Projects\solacomm\SolaComm.vcproj'.">
</Event><Event ErrorLevel="1" Project="SolaComm" Source="SolaComm.vcproj" Description="VCWebServiceProxyGeneratorTool is no longer supported. The tool has been removed from your project settings.">
</Event><Event ErrorLevel="1" Project="SolaComm" Source="SolaComm.vcproj" Description="Attribute 'Detect64BitPortabilityProblems' of 'VCCLCompilerTool' is not supported in this version and has been removed during conversion.">
</Event><Event ErrorLevel="1" Project="SolaComm" Source="SolaComm.vcproj" Description="Attribute 'Detect64BitPortabilityProblems' of 'VCCLCompilerTool' is not supported in this version and has been removed during conversion.">
</Event><Event ErrorLevel="0" Project="SolaComm" Source="SolaComm.vcproj" Description="Done converting to new project file 'D:\Visual Studio Projects\solacomm\SolaComm.vcxproj'.">
</Event><Event ErrorLevel="3" Project="SolaComm" Source="SolaComm.vcproj" Description="Converted">
</Event><Event ErrorLevel="0" Project="NTIWarning" Source="NTIWarning\NTIWarning.vcproj" Description="Converting project file 'D:\Visual Studio Projects\solacomm\NTIWarning\NTIWarning.vcproj'.">
</Event><Event ErrorLevel="1" Project="NTIWarning" Source="NTIWarning\NTIWarning.vcproj" Description="VCWebServiceProxyGeneratorTool is no longer supported. The tool has been removed from your project settings.">
</Event><Event ErrorLevel="0" Project="NTIWarning" Source="NTIWarning\NTIWarning.vcproj" Description="Done converting to new project file 'D:\Visual Studio Projects\solacomm\NTIWarning\NTIWarning.vcxproj'.">
</Event><Event ErrorLevel="3" Project="NTIWarning" Source="NTIWarning\NTIWarning.vcproj" Description="Converted">
</Event><Event ErrorLevel="0" Project="" Source="SolaComm.sln" Description="Solution converted successfully">
</Event><Event ErrorLevel="3" Project="" Source="SolaComm.sln" Description="Converted">
</Event></UpgradeLog>